<?xml version="1.0"?>
 <?xml-stylesheet type="text/css" href="Feed.css"?>
<?mso-application progid="Excel.Sheet"?>
<Workbook xmlns="urn:schemas-microsoft-com:office:spreadsheet"
 xmlns:o="urn:schemas-microsoft-com:office:office"
 xmlns:x="urn:schemas-microsoft-com:office:excel"
 xmlns:ss="urn:schemas-microsoft-com:office:spreadsheet"
 xmlns:html="http://www.w3.org/TR/REC-html40"
 xmlns:x2="http://schemas.microsoft.com/office/excel/2003/xml">

 <DocumentProperties xmlns="urn:schemas-microsoft-com:office:office">
  <Author>balaji</Author>
  <LastAuthor>balaji</LastAuthor>
  <Created>2019-03-19T14:14:18Z</Created>
  <Version>12.00</Version>
 </DocumentProperties>
 <ExcelWorkbook xmlns="urn:schemas-microsoft-com:office:excel">
  <WindowHeight>9705</WindowHeight>
  <WindowWidth>20775</WindowWidth>
  <WindowTopX>600</WindowTopX>
  <WindowTopY>315</WindowTopY>
  <ProtectStructure>False</ProtectStructure>
  <ProtectWindows>False</ProtectWindows>
  <FutureVer>11</FutureVer>
 </ExcelWorkbook>
 <Styles>
  <Style ss:ID="Default" ss:Name="Normal">
   <Alignment ss:Vertical="Bottom"/>
   <Borders/>
   <Font ss:FontName="Calibri" x:Family="Swiss" ss:Size="11" ss:Color="#000000"/>
   <Interior/>
   <NumberFormat/>
   <Protection/>
  </Style>
  <Style ss:ID="s62">
   <NumberFormat ss:Format="@"/>
  </Style>
  <Style ss:ID="s63">
   <Borders/>
   <NumberFormat ss:Format="@"/>
  </Style>
 </Styles>
 <Worksheet ss:Name="Sheet1">
  <Table ss:ExpandedColumnCount="6" ss:ExpandedRowCount="9" x:FullColumns="1"
   x:FullRows="1" ss:DefaultRowHeight="15">
   <Column ss:Width="130.5"/>
   <Column ss:Width="46.5"/>
   <Column ss:Width="131.25"/>
   <Column ss:Width="132"/>
   <Column ss:Width="104.25"/>
   <Column ss:Width="85.5"/>
   <Row>
    <Cell><Data ss:Type="String">title</Data></Cell>
    <Cell><Data ss:Type="String">name</Data></Cell>
    <Cell><Data ss:Type="String">topic1</Data></Cell>
    <Cell><Data ss:Type="String">topic2</Data></Cell>
    <Cell><Data ss:Type="String">topic3</Data></Cell>
    <Cell><Data ss:Type="String">topic4</Data></Cell>
   </Row>
   <Row>
    <Cell ss:StyleID="s62"><Data ss:Type="String">Welcome to Todays Feed's</Data></Cell>
    <Cell ss:StyleID="s62"><Data ss:Type="String">Needy_1</Data></Cell>
    <Cell ss:StyleID="s62"><Data ss:Type="String">CONTACT NO = 1234567890</Data></Cell>
    <Cell ss:StyleID="s62"><Data ss:Type="String">ADDRESS = XYZZZZXZ</Data></Cell>
    <Cell ss:StyleID="s62"><Data ss:Type="String">REQUIREMENTS = 50+</Data></Cell>
    <Cell ss:StyleID="s62"><Data ss:Type="String">TIME = LUNCH</Data></Cell>
   </Row>
   <Row>
    <Cell ss:StyleID="s62"><Data ss:Type="String">Welcome to Todays Feed's</Data></Cell>
    <Cell ss:StyleID="s62"><Data ss:Type="String">Provider</Data></Cell>
    <Cell ss:StyleID="s62"><Data ss:Type="String">CONTACT NO = 7531598520</Data></Cell>
    <Cell ss:StyleID="s62"><Data ss:Type="String">ADDRESS = zxvcmkjhggdsfg</Data></Cell>
    <Cell ss:StyleID="s62"><Data ss:Type="String">Food Remaining = 25</Data></Cell>
    <Cell ss:StyleID="s62"><Data ss:Type="String">TIME = Dinner</Data></Cell>
   </Row>
   <Row>
    <Cell ss:StyleID="s62"><Data ss:Type="String">Welcome to Todays Feed's</Data></Cell>
    <Cell ss:StyleID="s62"><Data ss:Type="String">Needy_2</Data></Cell>
    <Cell ss:StyleID="s62"><Data ss:Type="String">CONTACT NO = 0123456789</Data></Cell>
    <Cell ss:StyleID="s62"><Data ss:Type="String">ADDRESS = ABCEDRFS</Data></Cell>
    <Cell ss:StyleID="s62"><Data ss:Type="String">REQUIREMENTS = 20</Data></Cell>
    <Cell ss:StyleID="s62"><Data ss:Type="String">TIME = Dinner</Data></Cell>
   </Row>
   <Row>
    <Cell ss:StyleID="s62"><Data ss:Type="String">Welcome to Todays Feed's</Data></Cell>
    <Cell ss:StyleID="s62"><Data ss:Type="String">Needy_3</Data></Cell>
    <Cell ss:StyleID="s62"><Data ss:Type="String">CONTACT NO = 2587419630</Data></Cell>
    <Cell ss:StyleID="s62"><Data ss:Type="String">ADDRESS = POQWERTY</Data></Cell>
    <Cell ss:StyleID="s62"><Data ss:Type="String">REQUIREMENTS = 15</Data></Cell>
    <Cell ss:StyleID="s62"><Data ss:Type="String">TIME = Break Fast</Data></Cell>
   </Row>
   <Row>
    <Cell ss:StyleID="s62"><Data ss:Type="String">Welcome to Todays Feed's</Data></Cell>
    <Cell ss:StyleID="s62"><Data ss:Type="String">Provider</Data></Cell>
    <Cell ss:StyleID="s62"><Data ss:Type="String">CONTACT NO = 1456515165</Data></Cell>
    <Cell ss:StyleID="s62"><Data ss:Type="String">ADDRESS = zxvcmkjhggdsfg</Data></Cell>
    <Cell ss:StyleID="s62"><Data ss:Type="String">Food Remaining = 10</Data></Cell>
    <Cell ss:StyleID="s62"><Data ss:Type="String">TIME = Break Fast</Data></Cell>
   </Row>
   <Row>
    <Cell ss:StyleID="s62"><Data ss:Type="String">Welcome to Todays Feed's</Data></Cell>
    <Cell ss:StyleID="s62"><Data ss:Type="String">Needy_4</Data></Cell>
    <Cell ss:StyleID="s62"><Data ss:Type="String">CONTACT NO = 4567891230</Data></Cell>
    <Cell ss:StyleID="s62"><Data ss:Type="String">ADDRESS = lkjhgfddsa</Data></Cell>
    <Cell ss:StyleID="s62"><Data ss:Type="String">REQUIREMENTS = 150</Data></Cell>
    <Cell ss:StyleID="s62"><Data ss:Type="String">TIME = Lunch</Data></Cell>
   </Row>
   <Row>
    <Cell ss:StyleID="s62"><Data ss:Type="String">Welcome to Todays Feed's</Data></Cell>
    <Cell ss:StyleID="s62"><Data ss:Type="String">Needy_5</Data></Cell>
    <Cell ss:StyleID="s62"><Data ss:Type="String">CONTACT NO = 7531598520</Data></Cell>
    <Cell ss:StyleID="s62"><Data ss:Type="String">ADDRESS = zxvcmkjhggdsfg</Data></Cell>
    <Cell ss:StyleID="s62"><Data ss:Type="String">REQUIREMENTS = 60</Data></Cell>
    <Cell ss:StyleID="s62"><Data ss:Type="String">TIME = Dinner</Data></Cell>
   </Row>
   <Row>
    <Cell ss:StyleID="s63"><Data ss:Type="String">Welcome to Todays Feed's</Data></Cell>
    <Cell ss:StyleID="s62"><Data ss:Type="String">Needy_6</Data></Cell>
    <Cell ss:StyleID="s62"><Data ss:Type="String">CONTACT NO = 7531598520</Data></Cell>
    <Cell ss:StyleID="s62"><Data ss:Type="String">ADDRESS = zxvcmkjhggdsfg</Data></Cell>
    <Cell ss:StyleID="s62"><Data ss:Type="String">REQUIREMENTS = 8</Data></Cell>
    <Cell ss:StyleID="s62"><Data ss:Type="String">TIME = Lunch</Data></Cell>
   </Row>
  </Table>
  <WorksheetOptions xmlns="urn:schemas-microsoft-com:office:excel">
   <PageSetup>
    <Header x:Margin="0.3"/>
    <Footer x:Margin="0.3"/>
    <PageMargins x:Bottom="0.75" x:Left="0.7" x:Right="0.7" x:Top="0.75"/>
   </PageSetup>
   <Selected/>
   <Panes>
    <Pane>
     <Number>3</Number>
     <ActiveRow>8</ActiveRow>
     <ActiveCol>1</ActiveCol>
    </Pane>
   </Panes>
   <ProtectObjects>False</ProtectObjects>
   <ProtectScenarios>False</ProtectScenarios>
  </WorksheetOptions>
 </Worksheet>
 <Worksheet ss:Name="Sheet2">
  <Table ss:ExpandedColumnCount="1" ss:ExpandedRowCount="1" x:FullColumns="1"
   x:FullRows="1" ss:DefaultRowHeight="15">
  </Table>
  <WorksheetOptions xmlns="urn:schemas-microsoft-com:office:excel">
   <PageSetup>
    <Header x:Margin="0.3"/>
    <Footer x:Margin="0.3"/>
    <PageMargins x:Bottom="0.75" x:Left="0.7" x:Right="0.7" x:Top="0.75"/>
   </PageSetup>
   <ProtectObjects>False</ProtectObjects>
   <ProtectScenarios>False</ProtectScenarios>
  </WorksheetOptions>
 </Worksheet>
 <Worksheet ss:Name="Sheet3">
  <Table ss:ExpandedColumnCount="1" ss:ExpandedRowCount="1" x:FullColumns="1"
   x:FullRows="1" ss:DefaultRowHeight="15">
  </Table>
  <WorksheetOptions xmlns="urn:schemas-microsoft-com:office:excel">
   <PageSetup>
    <Header x:Margin="0.3"/>
    <Footer x:Margin="0.3"/>
    <PageMargins x:Bottom="0.75" x:Left="0.7" x:Right="0.7" x:Top="0.75"/>
   </PageSetup>
   <ProtectObjects>False</ProtectObjects>
   <ProtectScenarios>False</ProtectScenarios>
  </WorksheetOptions>
 </Worksheet>
 <x2:MapInfo x2:HideInactiveListBorder="false">
  <x2:Schema x2:ID="Schema1" x2:Namespace=""><xsd:schema xmlns:xsd="http://www.w3.org/2001/XMLSchema"><xsd:element nillable="true" name="feed"><xsd:complexType><xsd:sequence minOccurs="0"><xsd:element minOccurs="0" nillable="true" type="xsd:string" name="title" form="unqualified"></xsd:element><xsd:element minOccurs="0" maxOccurs="unbounded" nillable="true" name="geeks_section" form="unqualified"><xsd:complexType><xsd:sequence minOccurs="0"><xsd:element minOccurs="0" nillable="true" type="xsd:string" name="name" form="unqualified"></xsd:element><xsd:element minOccurs="0" nillable="true" type="xsd:string" name="topic1" form="unqualified"></xsd:element><xsd:element minOccurs="0" nillable="true" type="xsd:string" name="topic2" form="unqualified"></xsd:element><xsd:element minOccurs="0" nillable="true" type="xsd:string" name="topic3" form="unqualified"></xsd:element><xsd:element minOccurs="0" nillable="true" type="xsd:string" name="topic4" form="unqualified"></xsd:element></xsd:sequence></xsd:complexType></xsd:element></xsd:sequence></xsd:complexType></xsd:element></xsd:schema></x2:Schema>
  <x2:Map x2:ID="feed_Map" x2:SchemaID="Schema1" x2:RootElement="feed">
   <x2:Entry x2:Type="table" x2:ID="1" x2:ShowTotals="false">
    <x2:Range>Sheet1!R2C1:R9C6</x2:Range>
    <x2:HeaderRange>R1C1</x2:HeaderRange>
    <x:FilterOn>True</x:FilterOn>
    <x2:XPath>/feed</x2:XPath>
    <x2:Field x2:ID="title">
     <x2:Range>RC</x2:Range>
     <x2:XPath>title</x2:XPath>
     <x2:XSDType>string</x2:XSDType>
     <ss:Cell>
     </ss:Cell>
     <x2:Aggregate>None</x2:Aggregate>
    </x2:Field>
    <x2:Field x2:ID="name">
     <x2:Range>RC[1]</x2:Range>
     <x2:XPath>geeks_section/name</x2:XPath>
     <x2:XSDType>string</x2:XSDType>
     <ss:Cell>
     </ss:Cell>
     <x2:Aggregate>None</x2:Aggregate>
    </x2:Field>
    <x2:Field x2:ID="topic1">
     <x2:Range>RC[2]</x2:Range>
     <x2:XPath>geeks_section/topic1</x2:XPath>
     <x2:XSDType>string</x2:XSDType>
     <ss:Cell>
     </ss:Cell>
     <x2:Aggregate>None</x2:Aggregate>
    </x2:Field>
    <x2:Field x2:ID="topic2">
     <x2:Range>RC[3]</x2:Range>
     <x2:XPath>geeks_section/topic2</x2:XPath>
     <x2:XSDType>string</x2:XSDType>
     <ss:Cell>
     </ss:Cell>
     <x2:Aggregate>None</x2:Aggregate>
    </x2:Field>
    <x2:Field x2:ID="topic3">
     <x2:Range>RC[4]</x2:Range>
     <x2:XPath>geeks_section/topic3</x2:XPath>
     <x2:XSDType>string</x2:XSDType>
     <ss:Cell>
     </ss:Cell>
     <x2:Aggregate>None</x2:Aggregate>
    </x2:Field>
    <x2:Field x2:ID="topic4">
     <x2:Range>RC[5]</x2:Range>
     <x2:XPath>geeks_section/topic4</x2:XPath>
     <x2:XSDType>string</x2:XSDType>
     <ss:Cell>
     </ss:Cell>
     <x2:Aggregate>None</x2:Aggregate>
    </x2:Field>
   </x2:Entry>
  </x2:Map>
 </x2:MapInfo>
 <x2:Binding x2:ID="Binding1" x2:LoadMode="normal">
  <x2:MapID>feed_Map</x2:MapID>
<udc:DataSource MajorVersion="1" MinorVersion="0" xmlns:udc="http://schemas.microsoft.com/data/udc">
  <udc:Type Type="XMLFile" MajorVersion="1" MinorVersion="0"/>
  <udc:Name>Binding1</udc:Name>
  <udc:ConnectionInfo Purpose="Query">
    <udcxf:File xmlns:udcxf="http://schemas.microsoft.com/data/udc/xmlfile">H:\MCA TCE 2\Mini project\weblab3\pages\feed.xml</udcxf:File>
  </udc:ConnectionInfo>
</udc:DataSource>
 </x2:Binding>
</Workbook>
